,x1,x2,x3,x4,Category
0,4.651258943895459e-05,1.0454433388533972,0.2212201226170822,0.05486237720809389,B
1,0.00038002767264175063,0.2457134852952155,0.059156708123667766,1.0397236279930437,B
2,0.0007830894360865171,0.49921245787659124,0.45401860012384104,0.1559858525634813,A
3,0.0013895875132377852,0.17224786053887114,1.052486100947767,0.08661264860337248,B
4,0.0019494776362032021,0.010010498445869733,0.28090143918040283,1.0324196680246798,B
5,0.00212439341418814,1.0255355583438543,0.2995043954876386,0.05890180479887643,B
6,0.00299738842007957,0.039389806211164814,0.6941217505146297,0.37349105485412604,A
7,0.003611839458905495,1.0075665790867658,0.009171249134762307,0.3600172655754489,B
8,0.004190622864023435,1.0088064216096964,0.004885953692387421,0.3566064635639222,B
9,0.004336662627940122,0.1976838848056135,1.0515675574042933,0.002819088537268338,B
10,0.004445817603617757,0.04848359332562082,1.0685908832625022,0.025359418217635394,B
11,0.004700040517341684,0.30504710360306886,0.24672892565516152,0.553523930224428,A
12,0.005132928181704915,0.16065940124528513,0.25941590534200637,1.025556238289922,B
13,0.00522667641246581,0.4921283288810174,0.30721398231355035,0.30543101239296655,A
14,0.006420960697654308,0.5052413831909318,0.24019744404229737,0.3581402120691166,A
15,0.007158186952953911,0.2834559008813385,0.020082066615514392,1.031551367221015,B
16,0.008337912050033721,0.18535372710251732,0.5988913833391947,0.31741697750825437,A
17,0.008886979671540774,0.0435057612646027,0.9914338284736124,0.3999840422907655,B
18,0.008896028145779836,0.18652064378651012,0.04194857029568261,0.8726347577720275,A
19,0.009806508769796015,0.267950356940152,0.38493347559474705,0.44730965869530503,A
20,0.00992248810824947,0.3359957227991532,0.5590106047756489,0.2050711843169486,A
21,0.01043487625202913,0.49358891476300015,0.4098533446842554,0.8562600845723323,B
22,0.011145105728220125,0.746032592534311,0.09210028480932275,0.2607220169281462,A
23,0.011859210909776699,0.05010190586728635,1.0461481881856267,0.21868499377184855,B
24,0.012314452889466327,0.3115697547541286,0.10404583013590052,0.6820699622205046,A
25,0.013046469050399098,0.5487124003360934,0.0019386849951124052,0.5463024456183952,A
26,0.013871725504666598,0.24081035274410229,0.39491738809402727,0.9647581074154162,B
27,0.0152588493280042,1.002262235117002,0.19669230469681792,0.3185117216814958,B
28,0.01589276606226227,0.8782149421965411,0.1583175704550488,0.057574721286147934,A
29,0.016256664579909402,0.19957097731265908,1.050933826729464,0.018580573375753046,B
30,0.017452550401861732,1.05383236944729,0.16073469509596108,0.09053785607131258,B
31,0.017893744031843736,0.028181566513593645,0.07369497941025314,1.0669370474601982,B
32,0.0185699931888515,1.0344791535204354,0.19100875004251802,0.19474006699137322,B
33,0.018572982434573098,0.38155222451508836,0.16568219047566235,0.5441926025746763,A
34,0.019306026249954637,0.1607231559450946,1.0431872905298738,0.1745153900675405,B
35,0.02013181248418324,0.08052948509375879,1.040425476225568,0.23563645850639456,B
36,0.02048799885877168,0.4997697428213311,0.21532674250341854,0.3744155158164788,A
37,0.02078847427124142,0.42615261171152913,0.4244682823111164,0.23859063170611317,A
38,0.020792059808521217,0.1524840454759671,0.832455452111479,0.10426844260403278,A
39,0.020914044603867678,0.2670575895346492,0.3806125181615947,0.4414158476998885,A
40,0.021301577808775084,0.7012423262172685,0.058526127897547964,0.3289299680764086,A
41,0.021905037794010998,1.0610860419884525,0.10379424164509105,0.08799622842965313,B
42,0.02213307439881547,0.32336253591156044,0.6886330772221578,0.07587131246746637,A
43,0.022286238748272014,0.20615839288319066,0.12266855337542627,1.042523125220278,B
44,0.023384132453346806,0.9716247437224852,0.4203235130876805,0.15370973970848434,B
45,0.024612990638441034,0.9019986192848171,0.15547222434990482,0.027916165726837194,A
46,0.026270594225537514,0.24741968321783672,1.0364699386204552,0.09339926429866846,B
47,0.026787888567767718,0.006779839578703248,0.3541824757151321,0.722249796138397,A
48,0.027350364123791878,0.00947440637305487,0.10917704867834618,1.0640218819404328,B
49,0.027741055599393414,0.6250236898652809,0.2724685932691834,0.18476666126614238,A
50,0.02840796202092687,0.229653925793072,1.0360224067283028,0.13419998069501796,B
51,0.02871639728423235,1.0664422396305473,0.06470026314128682,0.05089394864072525,B
52,0.029013826752727942,0.3132181021539825,0.16472595427979414,0.6030421168134955,A
53,0.029036310921444826,0.9246357357733999,0.050931719665883834,0.10539623363927153,A
54,0.02904789480042737,1.053885014231261,0.15596291399023607,0.09517439806015353,B
55,0.03000304634041253,0.2912538942054254,1.0262890478457318,0.07682302123954161,B
56,0.030151016473521915,0.11983819427413217,0.20292111976125568,1.0432893858146775,B
57,0.031032652532926717,0.008575169488150573,1.057590985237514,0.1592631435372438,B
58,0.031376150246959555,0.18982813207810315,0.8872528787551087,0.0015428389198286485,A
59,0.031896646306294754,0.34749029502609835,0.4469101878606768,0.9074163227556693,B
60,0.032084643175667366,0.24462150715409925,0.156511714174668,1.0293371543066219,B
61,0.03366296459276528,1.0615298315821016,0.0520693936531343,0.11920570338996482,B
62,0.03566855184643643,0.06200272926877843,1.0525395549181984,0.1787285687991751,B
63,0.03676796083417729,0.3185821222337551,0.5430444718114893,0.21160544512057844,A
64,0.03679850868532516,0.1501923110903302,0.1275926050910349,1.0510510294814257,B
65,0.0370094217570875,0.06918159165204352,0.5596722333820037,0.44413675320886536,A
66,0.03713063470911348,0.17060837280056082,0.7837424148268676,0.11851857766345819,A
67,0.03724956632843888,0.17695300918875698,0.5582843108423496,0.33751311364045467,A
68,0.03801370522809589,0.9311925864958897,0.026817184371718872,0.11397652390429569,A
69,0.038160741913290976,0.3673262905015174,0.2216452272964396,0.4828677402887521,A
70,0.03874027631712029,1.0607676254345058,0.08137972967035724,0.10746429834923224,B
71,0.038915837729213226,0.1867240601614354,0.08334842263317496,0.8010116794761766,A
72,0.041028420552235594,0.7454871601349324,0.3112178939911412,0.012266525321690924,A
73,0.04120831152168094,0.42217013849807655,0.5701140489612189,0.0765075010190237,A
74,0.04151322521571211,1.037617887925846,0.24737784534000964,0.07300666013063793,B
75,0.04167563922686901,0.10762810932831195,1.0157426997771775,0.3159843335148366,B
76,0.042411152617233105,1.0368000448411945,0.2589576505714956,0.03298327396523855,B
77,0.04306358921973012,0.027766258208582473,0.9152470266324864,0.12392312593920118,A
78,0.04407481916990662,0.0730095364164196,0.21293612180311677,1.04512450260189,B
79,0.04492121311306551,0.014473091451961358,0.960205182149549,0.0904005132854242,A
80,0.045349928212757934,0.09597705009158389,0.21028451740630255,1.0437491133438217,B
81,0.04746157000317728,1.0553747553730046,0.05620707940736877,0.16022574486860056,B
82,0.04747449998668461,0.09375329398500319,0.09086280834216022,1.0609431849906723,B
83,0.04759011577573319,1.0135339360753726,0.3332219140092238,0.06593403770469686,B
84,0.04782076178844224,0.052078689697780754,0.16288965889898427,1.0551625201101051,B
85,0.04817600948597701,0.32868403297989746,1.0012170863614192,0.1791932603420878,B
86,0.05017530641633816,0.10788743760794209,0.8626745206078442,0.08926273536787566,A
87,0.05260887845668356,0.8748112768302284,0.12453860723285926,0.058041237480228824,A
88,0.05315867816407496,0.4770298025590609,0.41812008181842686,0.1616914374584374,A
89,0.054738374614389955,0.3733028479983727,0.295731032738338,0.3862277446488994,A
90,0.054928707503783133,0.08118145879053135,1.0605829715675277,0.10225540700421548,B
91,0.05618311621646301,0.1417151638806538,0.29227971117679546,1.0179552250530943,B
92,0.05685311218216782,0.19660239962982795,0.18253674497666283,0.6740077432113415,A
93,0.05707209224659801,0.6573519275010601,0.10803311612735633,0.28754286412498564,A
94,0.058016897999117724,0.17321598122748133,1.0282277541939224,0.2329762839846232,B
95,0.058610256305138365,0.3427592512747006,0.13530944492451064,0.5733210474956505,A
96,0.058843767924494805,0.5502552044503433,0.026505016924966096,0.474396010700196,A
97,0.058943117318879794,0.24436666010492886,0.04383247693990708,1.0391291345714486,B
98,0.060644829077643854,0.010064062897265488,1.0681739688352174,0.01119337513724847,B
99,0.06068393186918074,0.11286428428109692,0.6847878788498787,0.2516639049998437,A
100,0.060723479249739844,0.7817099088272599,0.21556254966462796,0.0520040622583724,A
101,0.06143248355381267,0.30963371994345146,0.11678969939538736,0.6221440971073486,A
102,0.061463758075172806,0.029671898404350704,1.0671005802780513,0.03921908283737283,B
103,0.06168789920432864,0.4612574787659483,0.31301019088397763,0.9112413301519051,B
104,0.06175504058338153,0.3229042300908584,0.03534665893652029,1.0176294938994253,B
105,0.06365133767438794,0.14958420623730675,0.049612540552265084,1.0564145342982394,B
106,0.06421901989960792,0.14120611706729788,0.21700359577597803,1.0362172501006757,B
107,0.06625461724805139,0.09586299236706419,1.0515933706347464,0.15959948378613076,B
108,0.0665643360400899,0.9810810443847522,0.14895215538560275,0.39466749159570935,B
109,0.06675086322095845,1.0597046697170147,0.1319509715585228,0.007699113193841216,B
110,0.06835099331395325,0.10101308996379477,0.6790953475606762,0.26154056916157586,A
111,0.0684253601824035,0.3121604796479689,0.6428881943440193,0.08652596582560834,A
112,0.06857211352326542,0.3911955704413359,0.4860979088987766,0.1641344071366222,A
113,0.06977009459480994,0.3038802575284598,0.05301170871634969,0.6833379391603807,A
114,0.06998175503802506,0.0795203500888329,0.12585892513018268,1.0572788652236564,B
115,0.06999296293088794,0.06982057633918823,0.43181777851042485,0.5383686822194991,A
116,0.07098446769001476,1.0662719291279799,0.054008633810408165,0.0029061958631640583,B
117,0.07160324119371592,1.0659692154889557,0.052003128484333895,0.027897707939126926,B
118,0.07213875214424981,0.7291124378393501,0.22134491493826736,0.08740389507813284,A
119,0.07226566332891352,0.0770267269242309,0.8268109167159221,0.13389669303093354,A
120,0.07429826281934333,0.09041335089699838,0.06201531069061712,1.0617717717859854,B
121,0.0753792973304118,0.5499627547317675,0.03274021079789813,0.45191773713992267,A
122,0.07587462817996196,1.047554435027667,0.17768856888882043,0.1009926677470237,B
123,0.07660407223384602,0.11043277601289903,0.5466008251788664,0.3763623265743886,A
124,0.07754276152939077,0.5890829020954431,0.11275690685411377,0.33061742952105244,A
125,0.07758350332259205,0.11349488983421192,0.4773734546061772,0.44154815223701893,A
126,0.07770185470972128,0.22699578819359806,0.44099711516961937,0.3643052419270614,A
127,0.07871480168216012,0.6505097488985231,0.015499397880829324,0.3652760515384875,A
128,0.07943753094423377,0.0006392504317425151,1.0647624682559085,0.06978650464061864,B
129,0.08006239222016936,1.0177802113753416,0.24507098049799342,0.20628540714869079,B
130,0.08058965326917113,0.41397182965149004,0.9723487835540924,0.1468689046797497,B
131,0.08113862644699278,1.0425900990677524,0.12362448225603731,0.18984044882773674,B
132,0.08248384616556446,0.730417231982131,0.06186161425431902,0.23523730759798556,A
133,0.08305879592016256,0.4311010089820252,0.9693685415938138,0.11170401534079039,B
134,0.08395872954514608,0.7279280792493579,0.2881494241037341,0.009963767101762055,A
135,0.08504824841201887,0.23950571359740802,0.940201318942762,0.44308609598421694,B
136,0.08514779594209945,0.35476249913454727,1.0025822474465287,0.08137726438680898,B
137,0.08552786527961576,0.24505910771172185,0.14831131767306366,0.6311017093355988,A
138,0.08763795574393263,0.5176879983749235,0.45338884869969587,0.05128519718144808,A
139,0.08767428734975537,1.0322957956483607,0.045608414743408404,0.2636256477071676,B
140,0.08771190441872448,0.14278778537171843,0.18682006335509607,0.6926802468544611,A
141,0.08848460608208036,0.9051896304980519,0.5455144534093852,0.14183154954649219,B
142,0.08862857153443551,0.20675152111914752,1.0175371311755923,0.2427281843989897,B
143,0.08890776162726892,0.9669877531038192,0.11229775863366676,0.43510838727322965,B
144,0.08986891311754026,0.19642285024042763,1.0449425231405884,0.07960380450128905,B
145,0.09112896132042096,0.47703319459641774,0.1264217123034117,0.4154161317797497,A
146,0.09119383015316695,0.37820310847364497,0.277809882127293,0.36279317924589516,A
147,0.09143649337476127,0.46542870017497656,0.006290210234902727,0.5468445962153595,A
148,0.09208587794774929,0.7150177122428308,0.016907214405505133,0.2859891954039149,A
149,0.09284238587983638,0.25286018862595755,0.24274938429032483,0.5215480412038813,A
150,0.09336408137232823,0.17216327581673108,0.8288882550476118,0.015584387763329044,A
151,0.09339990725671836,0.09362606966264346,0.24448238305650608,0.6784916400241322,A
152,0.09360287978425594,0.1288100167163816,0.1310998954771487,0.7564872080222138,A
153,0.09437615914965447,0.0971388862240362,0.16660856859074366,1.0482360241088151,B
154,0.09532425991469798,1.05758797546359,0.13137277358637997,0.007883779979307422,B
155,0.0962168680417339,0.6186063526273896,0.19220598209154627,0.20297079723933031,A
156,0.09639803090996714,0.5305507945972937,0.08419355276905016,0.3988576217236891,A
157,0.09710616149182513,0.11376393439156095,1.0546407436716259,0.10129690232102953,B
158,0.0974669345192884,1.0031901934945613,0.26572629303871864,0.24165920123111093,B
159,0.09777964257217099,0.11921852273707335,0.7294198296173715,0.16358200507338427,A
160,0.09823243142172448,0.15422425212975188,0.3630260882718747,0.494517228176649,A
161,0.09876111738071927,0.061761471531672885,0.8557906671154046,0.09368674397220333,A
162,0.09916450332544874,0.033603304631588976,0.40805591718881506,0.5691762748541473,A
163,0.0996562899141871,0.11816132636307494,0.3856577407930575,0.9860398733312227,B
164,0.0997350650429875,0.20286982406581455,0.06696460965584872,0.7404305012353494,A
165,0.10033483208842983,0.02328788687222684,0.3416333512267274,0.6447439298126161,A
166,0.10180094300207174,0.0800757270053112,1.0507725116502498,0.15492441611536173,B
167,0.10253106792200495,0.4434103187177304,0.9667888483293093,0.05562366503118888,B
168,0.10279435442155503,0.2820202297507647,0.37344700505927264,0.3517384107684077,A
169,0.10306786516448417,0.4304252794006683,0.064909322521288,0.5115975329135596,A
170,0.10378777449062423,0.05095105333708355,0.61592022868172,0.3393409434905723,A
171,0.10393472659207909,0.028192578658428148,0.4271977579124962,0.9750922144860733,B
172,0.10422853556502176,0.0527992740594069,0.5506108044321681,0.4023613859434033,A
173,0.10423496788995042,0.2002528936901986,0.6979696514259914,0.10754248699385971,A
174,0.10455345349548341,0.1941017139486938,1.0428763811005368,0.09328426312618443,B
175,0.10608991434236914,0.13414172222995036,0.6476405298716233,0.22212783355605725,A
176,0.10706531986835083,0.6108564088744652,0.14751997743901935,0.24455829381816474,A
177,0.10764883205277034,0.11592230258341532,0.2190983763780071,0.6673304889858074,A
178,0.1079257163433562,1.0294225022036607,0.24722265270458366,0.11145542471426285,B
179,0.10861354877849314,0.2986205622872494,0.2620120863876606,0.4407538025465969,A
180,0.10998028980643616,0.4857647582796155,0.15536306891253748,0.35889188300141095,A
181,0.11007550477034898,1.0604847095984953,0.07781922103557419,0.045822841408675076,B
182,0.11079225754168577,0.09885806428085048,0.20531028449149974,1.039567143515742,B
183,0.11088043837573641,0.17201157605618742,0.0778644466198609,1.0473560397691197,B
184,0.11131025732429028,1.0606769323208278,0.07611482165026603,0.04100007051246076,B
185,0.1114584644587948,0.020567822205668898,0.2847417802393629,0.6932319330961735,A
186,0.11146803876968828,0.07241948338907905,0.12130756650696292,0.8048049113342699,A
187,0.11184741836249303,0.19161797864379917,0.056308379185268896,1.0452282390462087,B
188,0.11189888310887483,0.06979464596697235,0.41405844879775394,0.514248022126399,A
189,0.11196321719689396,0.047200814770390696,1.046411764074399,0.187506642780027,B
190,0.11254590305826767,0.06363142954441067,0.13854302800683507,1.053086079230768,B
191,0.11302187126587648,0.5828664181764087,0.8840199118208663,0.10441068279631001,B
192,0.11304231313366168,0.09221228973659067,0.028270656577742626,1.0596315864674806,B
193,0.11665460945258592,0.027796220314902184,0.36614811912290035,0.5994010511096116,A
194,0.11704972371815149,0.04097803022601079,0.2132031753588819,1.0411842148405779,B
195,0.11736630181449485,0.9552988322178656,0.45663420861892257,0.10007243316988776,B
196,0.11744693819202257,0.2554900472106136,0.2949718046029739,0.9893546820907569,B
197,0.1180063004640363,0.2727370675690655,0.37510304833503993,0.34415358363185833,A
198,0.11895165172898926,0.3245298196354565,0.30445277793775366,0.9657843479391807,B
199,0.1191627052699553,0.11799329623028731,1.056419264511108,0.02749853245661088,B
200,0.12052188026682842,1.060755216605205,0.07181210862334751,0.003983450371423163,B
201,0.12151033603154994,0.6770547200086973,0.20575366785186666,0.10568127610788625,A
202,0.12195251925114733,1.005124551631247,0.34513806419488885,0.025138325325841898,B
203,0.12212312100484878,0.056293722447298314,0.7365832867829736,0.19499986976487937,A
204,0.1223099504443463,0.2628664232162788,1.0008536411721427,0.24317382367402451,B
205,0.1248846715284828,0.2064416628377676,0.7067995665636266,0.07187409907012299,A
206,0.12627876273096783,0.9730682033553093,0.14661407560022444,0.40074463007992783,B
207,0.1264362067260439,1.000740905333046,0.3244432936872511,0.14888947311107203,B
208,0.1266888970629193,0.10740519880433752,0.14914099218163127,1.046456406680116,B
209,0.1269029011726907,0.4965971355969899,0.928711540310072,0.14029188674229373,B
210,0.1270497609694285,0.66285685603152,0.2343908671759536,0.08570251582309796,A
211,0.12725141307165602,0.7060437147656747,0.2022791368566349,0.07442573530603447,A
212,0.12800236486262434,0.8769558237661382,0.44594228303567945,0.4007484971314996,B
213,0.12891384599547653,0.0865072518517688,0.5518611451857172,0.34271775696703766,A
214,0.1289759081004686,0.6125206668929828,0.055929839927807756,0.312573585078741,A
215,0.1294376692329858,0.10103007989857196,0.32315214365679235,1.0067330851766223,B
216,0.13016883776804886,0.547050884610022,0.13285311435808844,0.2999271632638407,A
217,0.13325982407154185,0.5893057711103735,0.08983338012082753,0.29760102469725713,A
218,0.13350737618194247,0.0020030842018171034,0.22167349862238997,1.0382353433433111,B
219,0.1348081128599549,0.0705588287490257,0.19758563921125116,1.0405326230206262,B
220,0.13689395627167972,0.05520427440633257,0.13081059842564355,1.0516658785769761,B
221,0.13807992426684118,1.0437188975066491,0.17675321988982604,0.07240923118323314,B
222,0.1384203166603895,1.021018074515566,0.2852928002652115,0.04324263596264824,B
223,0.13848760152820205,0.21642921971161627,1.038163030518123,0.03312248697506616,B
224,0.1410486578889476,0.4040064863605819,0.4195334285221929,0.1454114272282777,A
225,0.14138348688248362,0.8932480541551473,0.2502597553810256,0.5141873960159106,B
226,0.14149467085961454,0.38293535593368444,0.10210470289724449,0.48346527030945663,A
227,0.14177230776250888,0.24037195810984383,0.995167916413223,0.2768803941197291,B
228,0.14270323805465185,0.11420231123230205,0.1895438963714574,1.037095332795517,B
229,0.14306445614961538,0.08476245228445639,0.7344633253393085,0.1477097662266199,A
230,0.14349005943549767,0.29109120079316775,0.6149185392536776,0.06050020051765714,A
231,0.14459587957359094,0.5270587349981921,0.2715338376288917,0.1668115477993254,A
232,0.1455465992275726,0.1523564278903605,0.22287958471890584,0.5892173881631612,A
233,0.1457649850343658,0.506069322307916,0.07797619791362986,0.38018949474408836,A
234,0.14614978554817112,0.3572953597118983,0.18512656861877475,0.4214282861211559,A
235,0.14787904056652112,0.1740071584491263,0.2777676674607854,0.5103461335235673,A
236,0.14908922225694285,0.1906206369193312,0.03802256826762057,0.7322675725561054,A
237,0.14937620266023863,0.15890372090446014,1.0471096052882196,0.029963846126183167,B
238,0.15014769949913373,0.035237254123910766,0.6494834752948854,0.2751315710820702,A
239,0.15152459312281014,0.08085932726940465,1.049806130068189,0.11536531603458275,B
240,0.152043698925956,0.12380406990144834,0.21346242669234652,1.0299946884733753,B
241,0.15271096784858795,0.47059055645529135,0.2834929370281597,0.905403580249711,B
242,0.15454211797493433,0.19142438962324443,0.12264555292671364,0.6413879394751076,A
243,0.15483432225562774,0.05983123245418181,0.4037200915493678,0.9769117892389387,B
244,0.1557474209112267,0.07997160177092667,0.1481766034912484,1.0451272544372245,B
245,0.1573151656250654,0.1672994736777649,0.7131831214671015,0.0722022392300683,A
246,0.15834301212754237,0.08833551602269982,0.0383284489253597,1.053828855707774,B
247,0.15996784712674794,0.062202287016870916,0.10090719012662419,0.786922675729757,A
248,0.1603112147731672,0.015534538206920726,0.3319273256671084,1.004382020456425,B
249,0.1607592756290133,0.9822183397448678,0.1957560001555591,0.34056302907269204,B
250,0.1613485984542766,0.18454829298462463,1.0227738540221103,0.19683038602324762,B
251,0.16139752893598594,0.18833734569727126,0.5549833983851475,0.2052817269815953,A
252,0.1624306776404631,0.21648753383979247,0.16919790195894852,0.561883886560796,A
253,0.16357937265394096,0.9056640723943026,0.35213339254526305,0.41703291317457714,B
254,0.16360495641101677,0.13710922685562946,0.2394952184754756,0.5697905982578783,A
255,0.16415094923160134,0.06365195746269717,0.3003632997813165,0.5818337935243851,A
256,0.165075089198824,1.045010058953807,0.1456828781391513,0.06618678590515187,B
257,0.16577634555492715,1.0512574075313352,0.02573499827322991,0.10776723170252994,B
258,0.16853800889762374,0.39369945022866965,0.9721544070233816,0.12810734308182792,B
259,0.16944926999734478,1.0248457580983497,0.08174582463267745,0.2433017409726237,B
260,0.16971250160324328,1.0554665338864173,0.043635632596312104,0.01356444666329551,B
261,0.16975564890780062,0.24275732236483302,0.48323786568875127,0.2142491630386152,A
262,0.1700824361852619,0.13549990495142003,0.3193882330964629,0.48502942576685526,A
263,0.17126527341191877,0.30738655328039577,0.475664421260234,0.15568375204745155,A
264,0.17336117497537495,0.09028634895118422,1.0158896633670602,0.27324434132875197,B
265,0.17470429240586005,0.017181974122501956,1.0410399037319662,0.17412383184952077,B
266,0.17521165234212893,0.1980834012516779,1.0195059456826385,0.1886040024757081,B
267,0.17564741466037195,1.0362810243177314,0.18348026245900695,0.08065120984892231,B
268,0.17565557382856875,0.1160397364811938,0.18598615292810736,1.0324674570461454,B
269,0.17734465909091449,0.9902851417244178,0.3606035323924964,0.05243379061093392,B
270,0.17769402863882747,0.18652443873893082,0.0002665891115366694,1.038524624103577,B
271,0.18024191614868937,0.5601603629517219,0.14566429867030062,0.22393342222928825,A
272,0.18089895291483024,0.9965605277256973,0.33777470058445525,0.07036288125481686,B
273,0.18135167201651642,0.27168933863528066,0.5775071717576628,0.07945181759054032,A
274,0.1813605611537251,1.050565444453733,0.034469550426088846,0.0844537972571989,B
275,0.1825433012437342,1.0407683169395139,0.11496712494958933,0.12313331720844886,B
276,0.18726870878236893,0.4608296878846788,0.1734489588812297,0.2884526444517227,A
277,0.18870129230652774,1.0294342083650765,0.003700074072817275,0.22258333805896266,B
278,0.18917560414172213,0.010360232347500525,0.21918116321455985,0.6912830002962176,A
279,0.18944001616399553,0.3830732719507948,0.9776108924233703,0.08089679602975157,B
280,0.19181336930773768,0.046357101386679256,0.300039647341817,1.0079359406871236,B
281,0.19421551009796795,0.2568354078153489,0.11734834973707087,1.0136297518047188,B
282,0.196142045358311,0.15605329938822485,0.3793969144099701,0.37840774084349416,A
283,0.19674481792912984,0.14682463089226166,0.25055107783828645,1.0108700024115158,B
284,0.1968380729585657,0.9555490741799091,0.43632803576415885,0.05194790731173003,B
285,0.19702766593988177,0.407240017444486,0.9519878461284269,0.18426830402935765,B
286,0.19810917219364507,0.0499159188739339,0.00899468526847641,0.8529802236639448,A
287,0.1994184869134613,0.26761426076737904,0.34461993066571406,0.2983473216534457,A
288,0.20140744245305472,0.1286215214384093,0.4020570428952191,0.377913993213317,A
289,0.20165312201523788,0.06888240695118698,0.10771095582485649,1.0430194544635372,B
290,0.2028045561333007,0.9915547561216529,0.31321305914639924,0.14995685114144883,B
291,0.2042552790205143,0.22983076358809193,0.44819016813359297,0.2277237892578009,A
292,0.2053000243917268,0.9838416148718285,0.07642923523265557,0.3591185721080163,B
293,0.206180650915675,0.3239860643668577,0.030453923957602824,0.5493793607598646,A
294,0.2091236075263523,0.27333136960481746,1.0087797972684165,0.093918048255975,B
295,0.20966908799841394,1.0057824108537592,0.21370024160891296,0.20898043518809573,B
296,0.21139778263391368,1.0277118112755719,0.13296100019902926,0.16229843772575867,B
297,0.2115798109692688,0.5638857260128428,0.19218234825421876,0.1423521147636697,A
298,0.21315387025135388,0.1603862276637957,0.07367899332407392,1.0335923236534785,B
299,0.21366831193852132,0.08929214079252407,0.6069038741406916,0.20013567312826308,A
300,0.21615829495226754,0.8883803117453261,0.4577277942720434,0.31534311404794585,B
301,0.21637383941071936,0.4566222809025901,0.04700037218723674,0.3900035074994539,A
302,0.21715967125083516,0.6031205508216797,0.1270651436342456,0.16265463429323967,A
303,0.21724095067320787,0.237480937603454,0.5693218787332761,0.08595623299006205,A
304,0.21754823016082478,0.008280807078945568,1.0456569976702967,0.06407526052350655,B
305,0.21769135419015603,0.2016474694590864,0.9457325252861085,0.40303692509193617,B
306,0.21787994775734398,0.4771718641734225,0.3821312485749082,0.0328169394943254,A
307,0.219522552096777,0.12384833633075315,0.016550324162099284,0.7500787874103707,A
308,0.21955563460638686,0.07671053222603488,1.0385004722615006,0.11102966572419079,B
309,0.22066476571316687,0.46726753905093665,0.1550838789755271,0.2669838162603695,A
310,0.2210119965009404,0.2148999181688079,0.9934749192710185,0.2507574671932051,B
311,0.22116554918396525,0.05102889650449411,1.0310240501794974,0.17427351929410817,B
312,0.22161565410910763,0.3815866875781274,0.38590290404248184,0.12089475427028318,A
313,0.2232083191700405,0.03872354829828953,0.7739994399041947,0.0740686926274754,A
314,0.22407416181678147,0.47114587567430716,0.41000117523615986,0.004778787272751606,A
315,0.22534243148306207,0.09839517650074833,0.721180221545596,0.06508217047059373,A
316,0.2257447898453411,0.3011100303544191,1.0013863321888181,0.022303658513113504,B
317,0.22682531979453577,0.410949000321574,0.13603701869138907,0.33618866119250124,A
318,0.22701539800375356,0.06118750586587466,0.14409424789562594,1.0338553795954757,B
319,0.22702633622814034,0.2549174893626478,0.16075151174137087,0.4673046626678411,A
320,0.2273995290547182,0.09823463456284286,0.6037395005972458,0.8479610994477198,B
321,0.22746186310835217,0.04614462258235387,1.0408484669336218,0.08755708720565573,B
322,0.22788960903749642,0.06882658451750615,0.5619879766255815,0.251295829819416,A
323,0.227965501958684,0.3550327474526863,0.5169647231358281,0.010037027452801661,A
324,0.2285799817158744,1.0451225049715374,0.018853082916244473,0.0038344263381700694,B
325,0.22895212688412866,0.29351735057370554,0.07092190428261436,0.5166086182595515,A
326,0.2289942293568902,0.2636196166320546,0.18001787811616923,0.9952687597863025,B
327,0.23043487738477264,0.10996331954694054,0.4229621508841838,0.9491105597127805,B
328,0.2309144223997448,0.10524459832999472,0.41868324409939733,0.35515773517086324,A
329,0.23245267321083726,1.013006603852641,0.2313496444696858,0.10564429597391588,B
330,0.23516701738393733,1.0313182852273604,0.09353193305755025,0.13126631703890396,B
331,0.23529749849157242,0.10085164480248235,0.6731638944093573,0.10068696229658802,A
332,0.23550095461549633,0.35365960362962967,0.09581771887708515,0.9773347174253636,B
333,0.2362533635413526,0.016854649126612248,0.7818346496874287,0.07505733764460665,A
334,0.2370529446113291,0.25757669030169866,1.0082700748968416,0.07583934422078287,B
335,0.23812399655874092,0.11633988086994548,0.2501658522028373,0.5053702703684764,A
336,0.23872078666358523,0.2708413310933066,0.993822171534922,0.16393550790459302,B
337,0.23875533404870997,0.33007676569947564,0.05085423999047478,0.4903136602613397,A
338,0.23900733065096205,1.0336381806965351,0.0859547969907069,0.10945035484522321,B
339,0.2412787616552539,0.03587479630015891,1.0358200815148393,0.1116884814791618,B
340,0.24197425143992138,0.058044290100310175,0.1050266372246253,0.7049548212351433,A
341,0.24444493404540044,1.0157141708590491,0.02003325601631171,0.23036941200827693,B
342,0.24505948277917672,0.08678532525105886,0.04328883714046261,0.734866354829302,A
343,0.24657333915384957,0.779018649639382,0.051804138894714136,0.032603872312054305,A
344,0.2466138539762026,0.16576970850296352,0.4486024781233023,0.24901395939753168,A
345,0.2476110885947704,0.48721152076779084,0.19901673507426643,0.1761606555631724,A
346,0.2495195191911548,0.25931419735982386,0.4868891779890656,0.11427710545995584,A
347,0.25210995457572355,0.016488885192060876,0.3054653261426983,0.5359358340895174,A
348,0.2529674465908953,0.13050210724433658,0.6489714031797853,0.07755904298498284,A
349,0.2542094969001219,0.46122108586550564,0.027300951546496255,0.3672684656878763,A
350,0.2571411272780738,0.9945047996656866,0.2011575999815015,0.2219780711551399,B
351,0.2574575468989851,0.4123457502481715,0.39784511152869717,0.04235159132414634,A
352,0.2576479757845823,0.2827360543862698,0.495094140965212,0.07452182886393599,A
353,0.25846647528145295,0.07378973595103366,0.026573243877585178,1.0353472937781223,B
354,0.25997256402969926,0.21286936712151716,0.550532364462673,0.08662570438611072,A
355,0.261384778338828,0.3581798651589147,0.3126395875574666,0.9222481608219127,B
356,0.26156356735531644,0.1554611083527922,1.0069420721087496,0.19591836932615606,B
357,0.26196118463863416,1.0199528170403416,0.06916058489413132,0.17660521581000038,B
358,0.2628671573901697,0.1742940857312582,0.24101216555939875,0.43182659131917345,A
359,0.264209450486938,0.007951408714073571,0.3231790411655125,0.514660099633476,A
360,0.2644003441427737,0.1973074154280326,0.16396009260635186,0.48433214782284195,A
361,0.2669988592828583,1.029014694894953,0.03549381801511985,0.11610579535324088,B
362,0.26735177747159794,0.9605378777048263,0.2659189055947293,0.28297905969238585,B
363,0.2683819769688376,0.15639266166156723,1.0238308646757297,0.01352073792574377,B
364,0.2686176330448317,0.34519463074977147,0.4499461026418231,0.0462416335635738,A
365,0.2705534969219543,0.9725666910686328,0.35420282425872573,0.018846644641819024,B
366,0.2708252542106138,0.026194714046857248,0.4485247948246191,0.36445523691790993,A
367,0.2708792753101679,0.10100939400302028,0.12252277255071592,0.615588558136096,A
368,0.2710911338581068,0.13917364722014725,1.0239270463238712,0.06011403221745596,B
369,0.271154574089285,0.010603274361253912,0.6765230773113626,0.1517190742380985,A
370,0.27308497282187305,0.9308901237069764,0.22852438340429354,0.38928753048790876,B
371,0.27394736042415707,0.41155503488438,0.35945772934172493,0.0650398753497381,A
372,0.2744478699926395,0.010145675214069283,0.43831467157413717,0.38709178321915416,A
373,0.27506646862958023,0.903436417846668,0.31669524330863547,0.39082630363080384,B
374,0.2769451082076874,0.4590105645314371,0.16304583609451462,0.21099849116636094,A
375,0.2792691568896003,0.8864732918139774,0.3889860027408721,0.36022733180915223,B
376,0.28019347058128546,0.15608737421447277,0.6271629808198806,0.046556174384361215,A
377,0.281031255247675,0.17476527818455836,0.9260969274957229,0.421572072127616,B
378,0.28188796322710946,0.37984925242817175,0.3171757042441148,0.1310870801006041,A
379,0.2819491767820002,0.2897003188170379,0.01243248531247676,0.5259180190884852,A
380,0.28239412866917346,0.3498421790247558,0.09753226228496148,0.3802314300211094,A
381,0.28363400342679257,0.21387421156908043,0.17023912706341932,0.4422526579407078,A
382,0.2861952475260736,0.9503970184496079,0.39076659641813577,0.0839002666227655,B
383,0.28634092484562923,0.3907018915167524,0.20903655885396244,0.22392062478365604,A
384,0.28679096311217733,0.1468979718620811,0.9146967286059441,0.4521081994584713,B
385,0.28751088841327094,0.12486656947026367,0.09268431282710131,1.0188500611121873,B
386,0.2876940962799924,0.0883810607795614,1.0212718570610182,0.10641752222382045,B
387,0.28775347848847027,0.5267666973887453,0.011785866725595895,0.2836939573971886,A
388,0.29071587065975973,0.05422775586295199,1.0276776906125917,0.03636203044077719,B
389,0.29086260703271055,0.10917207071736348,0.3086592009082846,0.9762734762862696,B
390,0.29090431013636037,0.9983931538970652,0.18324279210318659,0.17293892487750698,B
391,0.2912643022799032,0.4090807556915418,0.20526915357986075,0.9222703595632064,B
392,0.29137595962239754,0.017186889718807108,0.7093560487309136,0.09208110192788177,A
393,0.29808748494308124,0.0791450979459642,0.11827874663545912,0.6144886704754955,A
394,0.30102374166364193,1.0158949198606164,0.12278151693053875,0.08465765090320318,B
395,0.30196086118744586,0.5030505310776243,0.008245790923563256,0.2967428168113667,A
396,0.30250994127371095,0.3353878784846482,0.10676098403352209,0.9641082919902395,B
397,0.30339863026534697,0.005047686426088631,1.016159448404312,0.14228059401583862,B
398,0.3034311741944952,0.42597140784763615,0.1267307090335279,0.2538667089243408,A
399,0.3034604651890701,0.06672343315112186,1.0048711336260499,0.196452880714075,B
400,0.30437592193008445,0.21203220471651008,0.07420199195695021,0.5193898813964554,A
401,0.30545677270803917,0.17140490173850664,0.0827320915092774,0.5504062340441769,A
402,0.305579026199114,0.03753762313119269,0.013207666567114973,0.7536756841025785,A
403,0.3071149379403976,0.3144126601574638,0.3149250012412754,0.17354740066086327,A
404,0.30951760669181183,0.2890839924303418,0.1940044905800814,0.3173939102977651,A
405,0.3103482500667079,0.26996113764033225,0.31708830154192635,0.9354998433296108,B
406,0.3110987322496567,0.09954385126208531,0.006175532012446991,1.0189065036954723,B
407,0.3173160278894604,0.16264625754516354,0.038649206517356594,0.5913885080480196,A
408,0.3191437458201884,0.1348141346323956,0.6276135731638192,0.02842854638359693,A
409,0.31986149757386223,0.013407594773410091,1.001924905421473,0.19635514423709605,B
410,0.324585693745228,0.4042909429615225,0.22539743510814692,0.15572592818510267,A
411,0.3248649828812968,0.17810218945370088,0.31203537427857697,0.29499745338642547,A
412,0.3250498123439798,0.23100613415897409,0.13360845291233747,0.42033560058470876,A
413,0.3259624563529598,0.1563841420287747,0.13556662846737216,0.49208677315089344,A
414,0.32667048415341676,0.19757100299321836,0.9938732789179023,0.1066208188498082,B
415,0.3271507830743927,0.19501402397244205,0.08839790104472689,0.49943729190843844,A
416,0.3278992710819612,0.0777001627017595,0.5090013303532295,0.19539923586304997,A
417,0.32878401508231647,1.0094269010157866,0.12724243688535425,0.0408382809076653,B
418,0.32924749267138453,0.583398648542561,0.11490973535555149,0.08244412343050311,A
419,0.3294867903589734,0.2714044515953031,0.4620492622789829,0.04705949576674073,A
420,0.32959207719250555,0.44233030854859795,0.16675066704987707,0.17132694720901953,A
421,0.3344600663446184,0.35116869036536164,0.25782389244375004,0.16654735084627004,A
422,0.33447511204629277,0.037180976640823725,0.04516816439558244,1.0146939495842024,B
423,0.3365400782293535,0.4033967226112728,0.03579615143222625,0.33426704772714755,A
424,0.3372839875399589,0.37693033916902485,0.37430827580810644,0.021477397482909888,A
425,0.3380172113477146,0.36048254875768027,0.8879633122184407,0.33498933270768066,B
426,0.3384216219456702,0.35939752736140324,0.12411956569482341,0.28806128499810324,A
427,0.33992931357615186,0.20916999120323976,0.09152497159584183,0.46937572362476665,A
428,0.3431241837647239,0.1636002430588694,0.21860945113773123,0.38466612203867556,A
429,0.3438761124634311,0.9963865495596793,0.17483793231986283,0.05740000484067511,B
430,0.3452338202078931,0.13123118887520063,0.34902054510387004,0.2845144458130363,A
431,0.34715776106064483,0.11678779375139059,0.46759736448956407,0.1784570806984006,A
432,0.34954062559947197,0.32560843323352706,0.336439289655189,0.09841165151181208,A
433,0.35103534760907806,0.04014016305052853,0.04529535947078894,0.6735291298696046,A
434,0.3524899502223966,0.20270620250733873,0.34968752827447536,0.20511631899578942,A
435,0.3545593246387619,0.2316513191901901,0.8129824261259758,0.551892132974798,B
436,0.35504015016456636,0.05075263877089104,0.9193402381076483,0.41362324405802703,B
437,0.357724177160249,0.08934183602228915,0.045734567003783,1.0034240373800927,B
438,0.35951112265655427,0.19037581729235867,0.10762655655336732,0.9837811368393661,B
439,0.3598118012916047,0.02743697487903951,0.23594353120297973,0.48680769262637613,A
440,0.3601708630822144,0.4483359751047214,0.27709774838607126,0.02439541342699303,A
441,0.3635395810679851,0.116546460270871,0.16552094920687296,0.9857782260574129,B
442,0.364429118124215,0.035956422239410965,0.07034081295640034,1.0029210953986265,B
443,0.36525217684383726,0.43063282528877467,0.30396203657932575,0.010152961288062423,A
444,0.36541244481169116,0.23045265826381114,0.9768564048580259,0.06337887474339111,B
445,0.3673777853317027,0.33673792036034683,0.15340395311564248,0.2524803411923081,A
446,0.3681011980378,0.27163292109680937,0.9672729702609834,0.0002553077475398384,B
447,0.36929310814583977,0.02888814707057702,0.35137543663187554,0.3604433081517078,A
448,0.3718747352018627,0.2855771981615605,0.12332504938421912,0.9538583633868906,B
449,0.3723680787341062,0.8916892358262999,0.41224799366253023,0.2029381984068017,B
450,0.3725308882809384,0.18244700942236367,0.9853861790925866,0.04298725488750991,B
451,0.37389903191829066,0.0944574521186885,0.34550358641188783,0.2961399295511331,A
452,0.37636350849171024,0.18717647863359527,0.06471078922956064,0.48174922364513395,A
453,0.3775058079643003,0.1340845467108776,0.47645770497766615,0.12195194034715606,A
454,0.38018007220326594,0.20235370090353544,0.2452237229127302,0.9483044965363091,B
455,0.38068263884554826,0.28007215400466773,0.9418828726693528,0.18546420464581198,B
456,0.38388962771082397,0.14928860336345467,0.47002127921873027,0.10680048970699119,A
457,0.38393786839614025,0.14331593749462995,0.5504995691325777,0.032246624976652205,A
458,0.38400421893399195,0.3392184429360343,0.12422960252039905,0.2625477356095748,A
459,0.38574766354155277,0.33223051729615966,0.8998273667985551,0.27573961160801286,B
460,0.39162223487696557,0.2769971854068841,0.2653615024197774,0.176019077296373,A
461,0.39656837828707797,0.2894340607533552,0.10411939989214594,0.9449976700419317,B
462,0.3980209948173698,0.12071663150929984,0.1575288616001852,0.43373351207314526,A
463,0.40130305903707286,0.08281808356695558,0.10360566172313507,0.982986717458937,B
464,0.40154381062145883,0.9765637661332552,0.1731501764179611,0.002189802196583408,B
465,0.40181945987039597,0.1878436351984633,0.3997909807813075,0.12054592414983334,A
466,0.403900923498281,0.18758570897335958,0.14734923930076393,0.3711641282275956,A
467,0.40608387772937565,0.49195960314993353,0.029230111916575985,0.18272640720411493,A
468,0.40668824287858296,0.15160894025726498,0.9701422938350297,0.12386820435812697,B
469,0.4080738389013862,0.32979313205355026,0.1945895386558365,0.17754349038922712,A
470,0.41876257523838284,0.03410613105590532,0.41256668726804985,0.2445646064376621,A
471,0.4194487515375945,0.3525631592789286,0.0049709242598923176,0.3330171649235847,A
472,0.4198706268269394,0.07936329127764197,0.31729446621335006,0.2934716156820687,A
473,0.4257645516368777,0.14998747071292376,0.936795062957204,0.2520779943144513,B
474,0.426198335866964,0.0830118124988291,0.9779202819774866,0.005994963466370458,B
475,0.42651546488924275,0.2257975957866417,0.0655739621705973,0.39211297715351834,A
476,0.42848456616370223,0.47485052413713513,0.11355722464410933,0.0931076850550534,A
477,0.4367091951600656,0.36102461459858853,0.06262100601132659,0.24964518423001936,A
478,0.43707525330969893,0.25773006167731877,0.1697515863417255,0.2454430986712569,A
479,0.43764411011477744,0.02687161440420277,0.5797923809049024,0.06569189457611757,A
480,0.43807231734172475,0.6395948924392396,0.024901028850922824,0.007431761368112966,A
481,0.4381051110013659,0.23387250881965954,0.2045587793105711,0.23346360086840356,A
482,0.44819683433249363,0.18950703632224025,0.24347899134559348,0.22881713799967274,A
483,0.45020429895046127,0.017206757799217376,0.49756983775341834,0.1450191054969031,A
484,0.4535510100075375,0.9628117018807233,0.010975173196584722,0.10983921711298338,B
485,0.46429283834366114,0.40937822813839114,0.20857028360573715,0.027758649912210664,A
486,0.4667004341004939,0.1680733539731527,0.45007453903664696,0.025151672889706544,A
487,0.47079667279282783,0.9503659841500579,0.014392824908138608,0.14088234683188203,B
488,0.4742859068101458,0.8268138288473423,0.13725260607276885,0.4663619765314372,B
489,0.47629309098962713,0.10587006534951215,0.2954317707145161,0.23240507294634472,A
490,0.47983679043713096,0.2652808212453251,0.07462131038916564,0.2902610779283784,A
491,0.4819967600804481,0.06015895439470618,0.9471550637368606,0.10889127015381048,B
492,0.4828248676211011,0.06160700931375773,0.492813535640223,0.07275458742491825,A
493,0.48449929657235064,0.35282384435892783,0.20393377607976038,0.06874308298896126,A
494,0.48795025629089195,0.2956503477526383,0.2137907742307561,0.11260862172571373,A
495,0.488119304530056,0.15217367843775595,0.022129766782241888,0.9396770666340541,B
496,0.4927477313594992,0.05314803035986833,0.08161877995708387,0.9447821626529845,B
497,0.4933599541743346,0.02199852237454275,0.49263878860157917,0.10200273484954359,A
498,0.4941971331444087,0.36385672355120446,0.19721738160294178,0.05472876170144514,A
499,0.5001287941632507,0.5190466690432162,0.03306133944722767,0.05776319734630553,A
500,0.5024899692717667,0.024015445650442335,0.38297244123352103,0.20052214384427003,A
501,0.5036436418630826,0.08672873645811341,0.4852824622473262,0.03434515943147787,A
502,0.5093153985565241,0.030751415841672153,0.9291234390153281,0.14588286496114575,B
503,0.5117441342908191,0.18972953844465357,0.02024561603395969,0.38828071123056773,A
504,0.5124607153822632,0.016744250946526235,0.20689374343191766,0.9160778483179618,B
505,0.5152197802325742,0.21572226945982287,0.25977618443221007,0.11928176587539296,A
506,0.5197066685844379,0.17209032580044226,0.3252801049057771,0.09292290070934284,A
507,0.5203987728783925,0.15643703283274968,0.41375991865058015,0.019404275638277735,A
508,0.5233362190800828,0.03737048183673741,0.5228400174381874,0.0264532816449925,A
509,0.5306766559688005,0.03505350803340157,0.08980673604871237,0.4544630999490856,A
510,0.5308797024060511,0.27288564698888307,0.06183365054646417,0.24440100005860177,A
511,0.5347390367794691,0.24958552564730274,0.06402121629882995,0.2616542212743983,A
512,0.5360977418691059,0.06338470450217637,0.5003866691083345,0.010130884520383354,A
513,0.5381412740087047,0.26225093928797494,0.05970376047422765,0.2499040262290928,A
514,0.5444478220377328,0.9139866709157989,0.11280945999165862,0.01946690019019706,B
515,0.5528361962873768,0.0832623355655332,0.47260101915567176,0.001300448991418346,A
516,0.5554280634789539,0.13118052849144646,0.31354558983230096,0.10984581819729877,A
517,0.5562167571125016,0.0509791177443103,0.4819535116621484,0.02085061348103978,A
518,0.5583433567752992,0.41713627588936464,0.022008828492679045,0.11251153884265719,A
519,0.5590919175406628,0.28775304465926377,0.14092392223966366,0.12223111556040989,A
520,0.5606214003697184,0.030609472398628434,0.3680161679269617,0.15075295930469157,A
521,0.5801597510307046,0.2834579963426741,0.23037844442944533,0.01600380819717606,A
522,0.5805761812116075,0.20105365012305798,0.207793169712855,0.12057699895247964,A
523,0.5860316542748768,0.009850592330396868,0.11630601449249778,0.39781173890222865,A
524,0.5876543241197912,0.022859406465686738,0.0022196058991708068,0.4972666635153513,A
525,0.5906272663241258,0.10858127493575687,0.20157047661376137,0.2092209821263561,A
526,0.5991994191867647,0.2185070024383453,0.2788400221986742,0.013453556176215908,A
527,0.6016583044061047,0.1951275300959091,0.05747997129392346,0.25573419420406285,A
528,0.6033504719173836,0.11685869619630106,0.2152056781247799,0.8490575771190225,B
529,0.6100505363770748,0.08466679721150361,0.39288194440991375,0.02240072200150789,A
530,0.6174475556034696,0.12479252648240735,0.1507070666715543,0.2170528512425688,A
531,0.6180495967645355,0.21373699868291385,0.023609558645362738,0.254603845907188,A
532,0.6250167677431085,0.22245139141898773,0.2304388723537658,0.03209296848413801,A
533,0.634800519523305,0.048723648250029505,0.25100266876209054,0.1754731634645751,A
534,0.635805253758925,0.3216387954097033,0.047034497062015235,0.10552145376935651,A
535,0.6488637051476851,0.024891121793766513,0.40696857963959665,0.029276593418951835,A
536,0.6491228032984466,0.18429459316983243,0.04884233352865086,0.22774027000307018,A
537,0.6518850675234761,0.09777410126221564,0.26904252187626954,0.09129830933803884,A
538,0.6530058562036485,0.20772593017659102,0.11746543761541273,0.13180277600434787,A
539,0.658613478691092,0.2824622770182815,0.02008525722392618,0.1488389870667004,A
540,0.6881453933410402,0.01684992166923216,0.15664211465517697,0.24836257033455078,A
541,0.6894810231315014,0.20087172756199578,0.0016969795026225976,0.21795026980388033,A
542,0.7272475476960341,0.044100595510718876,0.10499725726394382,0.23365459952930334,A
543,0.7400525005944393,0.02017905978113235,0.17957614486055037,0.751377075846269,B
544,0.7425995127220543,0.01365844898088675,0.1390852985367267,0.2146567397603324,A
545,0.7764775783662978,0.12130775136621363,0.16042884574170724,0.0517858245257814,A
546,0.7770535448248728,0.3169439161997325,0.010995405678138281,0.00500713329725655,A
547,0.7916808626895041,0.04961147324901283,0.25702638384739007,0.011681280214093093,A
548,0.8100668590014898,0.09928098591445833,0.12743856032072254,0.07321359476332945,A
549,0.8260371643349589,0.013951282155882594,0.19280161014935204,0.07720994335980658,A
550,0.8496585622882336,0.21290045870895288,0.5156799523850486,0.33425724961466974,B
551,0.8573012204329675,0.4395720720994478,0.44952985703813114,0.12097073408729786,B
552,0.8655189468519768,0.024559138222626675,0.1291498982894539,0.0907720166359427,A
553,0.9019456433123129,0.13012864656177994,0.24411188956482227,0.5048464887735971,B
554,0.908556040467574,0.44454806733535784,0.29067644394632336,0.19315833425716497,B
555,0.9125670788725639,0.42131632165832134,0.1878522417983483,0.31515935479314705,B
556,0.918455304666448,0.40414781301986563,0.26916789049804535,0.2560332894100965,B
557,0.924955189685279,0.1777366847772685,0.051285605515940476,0.5051112299538775,B
558,0.9289953908245385,0.06839178710284366,0.05557654031294179,0.05703628175967612,A
559,0.931073815237262,0.2375126453227022,0.12954392161186254,0.4525568099860624,B
560,0.9380840688527962,0.23446042192933514,0.3341023256897874,0.31353185848008497,B
561,0.9430378086330227,0.46577478656640564,0.02224946783182383,0.195290811019993,B
562,0.9465748477635345,0.33556954473390205,0.11412748128544942,0.35108981221898583,B
563,0.963234407673523,0.20293611683993767,0.3599346834233943,0.21527524712485097,B
564,0.9632748395587704,0.15099425972217803,0.37541811455955176,0.23078898644547172,B
565,0.9680719016196189,0.17456879878635895,0.4151405667704059,0.07014868214306731,B
566,0.9685074384165004,0.2981464379049265,0.2630408891182225,0.22093332466698518,B
567,0.9698619163665876,0.40762263970802237,0.12881740853010124,0.14668920218878845,B
568,0.9718305656949129,0.053804207782945854,0.4333980414195933,0.09857279796990562,B
569,0.9747556733757134,0.20774670527717742,0.16908829185241442,0.3507161718922721,B
570,0.9764129830161666,0.10281013470420962,0.2110075424427588,0.3693556278599813,B
571,0.9789136378859431,0.3195613844287216,0.24735011034693336,0.1527302656786384,B
572,0.9792264817839691,0.2092859331500567,0.3038508661001637,0.22335968017679583,B
573,0.9794791013560691,0.001614445162493982,0.2928251553517399,0.31586628811374307,B
574,0.9797689951596945,0.0010554620349024911,0.40311520365395576,0.14983235533984382,B
575,0.9809887943158687,0.2307970650720452,0.3192743899843912,0.16540122152185996,B
576,0.9827336202493755,0.32331985546670167,0.2629846587310119,0.07374260616957261,B
577,0.9838142738376228,0.035518152632100015,0.009899415608824545,0.4191061166310481,B
578,0.9848050640766841,0.024280762606749197,0.38412228643952395,0.16407162885954768,B
579,0.9878509690795817,0.10114182738557724,0.032245838794226066,0.3972165650147214,B
580,0.9884756106067043,0.14026525952293567,0.38453576736965794,0.01654895223556735,B
581,0.9920399941959596,0.1569214391075756,0.362923050706388,0.06647684657124274,B
582,0.9926785291219729,0.08920764425363142,0.15751737433542726,0.35597698072969125,B
583,0.9930949161079,0.12560242470260985,0.3062032750969268,0.2216440227693589,B
584,0.9972583155763824,0.207790794228286,0.29753661579264057,0.13664113623062868,B
585,0.9999901106659015,0.02431296894510176,0.2829834172606512,0.25347395066743444,B
586,1.0011700451619145,0.19084436950365014,0.24086469015563017,0.21936537633700715,B
587,1.0026680553790643,0.08115613373212457,0.07953299993507094,0.35587210427532406,B
588,1.0032612486302486,0.3305695880217931,0.0873937869861479,0.14646822340766058,B
589,1.0038952261977119,0.032319322528784965,0.36542156949429105,0.0501688424926718,B
590,1.0050782035723231,0.044474399287645655,0.2572503933704751,0.25799625505532175,B
591,1.006417869566902,0.3006703478745756,0.16904096341470443,0.11421718965737405,B
592,1.0068530936989153,0.06930320022614313,0.06652653478388017,0.34916777388096365,B
593,1.0073468537800305,0.2924452558636114,0.20398246940926498,0.054947617564721184,B
594,1.0085167079733086,0.2289617986734014,0.05896887609131682,0.26812910349204566,B
595,1.0140690920770274,0.06031662805330713,0.29433773434955013,0.16214524048619525,B
596,1.0143682734356108,0.16310254233840546,0.19931392366911302,0.22277460887998432,B
597,1.0170740491440047,0.2374966398724444,0.20415801262435293,0.11124401326989232,B
598,1.0179740954540262,0.1892588515014827,0.09456922817727428,0.252718201154669,B
599,1.0185780007496081,0.05642077435663267,0.283406981145019,0.15458342617562953,B
600,1.0208360426410314,0.21513602360037157,0.16037550509309975,0.17547068917785735,B
601,1.0208485747192835,0.2629727936038433,0.10856721409158536,0.14773847617391256,B
602,1.0217496493838445,0.06287481853989356,0.2198517084123755,0.22054395817098796,B
603,1.0218821906333397,0.015063039072530244,0.31453890268012685,0.038667454287657235,B
604,1.0237921219140098,0.15146013522009927,0.25037735420546414,0.10545472510509105,B
605,1.0275603190472773,0.08298343513618618,0.263414453038108,0.11289980577082766,B
606,1.030785490236276,0.16059070491658267,0.0745805113115056,0.22589742350294606,B
607,1.032065609886969,0.01808811291360871,0.02415215082190776,0.2807669330076807,B
608,1.0324485243612451,0.018467938821761,0.1326749019057965,0.246994635942262,B
609,1.0410105484216614,0.12914553908306015,0.14601779263489217,0.15230650689911954,B
610,1.0458481194993563,0.17535672115167275,0.13288293985139224,0.05190236587137255,B
611,1.046525980042274,0.17465140069616786,0.10424907366359931,0.09117232020578515,B
612,1.0485359641183751,0.010551294649697783,0.05105527266499237,0.20677127765883827,B
613,1.0506304599017229,0.014580606856264755,0.19584397174703266,0.05008174678208603,B
614,1.0513022043277203,0.043495177520150724,0.18620422361162448,0.05567613328311468,B
615,1.0519301317070802,0.18221229683395804,0.03379110187674767,0.06324427502291509,B
616,1.052170687602105,0.06321918708205666,0.0512171748753637,0.17668327462831276,B
617,1.0523973847959491,0.04522486244041881,0.14418773073852198,0.12051703031674775,B
618,1.0527977357977432,0.16438813267021513,0.05891608026000006,0.07760389695848072,B
619,1.0532024266815858,0.13147637585314087,0.13446438891515614,0.017260913597379718,B
620,1.0537371964526088,0.08262994523976852,0.11518296772114821,0.12017943629763832,B
621,1.0537830640071564,0.18184231143785093,0.036779010993332986,0.004683175523244442,B
622,1.055187919700447,0.09306948857601827,0.14548155622875425,0.04064038892162894,B
623,1.0553964154526019,0.04370078743583061,0.11790803493673978,0.12339506766740797,B
624,1.0561599320753954,0.06502084104830903,0.07362857693429778,0.1406318625578743,B
625,1.0564265283544811,0.09222398520948928,0.13049162034333314,0.057703238740562185,B
626,1.0574791076567884,0.09593087325740916,0.130410133669355,0.020697861286001314,B
627,1.0607230130289804,0.12581795836795298,0.015439715488144467,0.06081238499258958,B
628,1.061894685289188,0.09685544552567278,0.016132441877009747,0.08739819417862613,B
629,1.062042270734961,0.0009811528068322396,0.08866375490515956,0.09541483677822472,B
630,1.0636800696653148,0.03672880383668809,0.09033261570495665,0.063053333816839,B
631,1.064391792011861,0.042809052090570204,0.09476331996382446,0.03402074876189583,B
632,1.0660442394400413,0.03651586341220771,0.08400807477963114,0.007675587781063947,B
633,1.0677626978154051,0.014940975480695192,0.05894153761282137,0.03294667736645834,B
634,1.0682101704218339,0.010824215854088149,0.047800090653109806,0.03774943035404977,B
